{
  "metadata": {
    "name": "Blog Truyện Mới",
    "author": "tam.lh",
    "version": 1,
    "source": "https://m.blogtruyen.vn",
    "regexp": "(www.)?(m\\.)?m.blogtruyen.vn/\\d+/[0-9a-z-]+/?$",
    "description": "Đọc truyện trên trang Blog Truyện Mới",
    "locale": "vi_VN",
    "language": "javascript",
    "type": "comic"
  },
  "script": {
    "home": "home.js",
    "genre": "genre.js",
    "detail": "detail.js",
    "search": "search.js",
    "toc": "toc.js",
    "chap": "chap.js"
  }
}